title,year
In the Bedroom,2001
"Happy, Texas",1999
My Summer of Love,2004
The Lunchbox,2013
Yes,2005
You Can't Take It With You,2038
From Here to Eternity,2053
She Wore a Yellow Ribbon,2049
Foolish,1999
Out of the Dark,2014
The Bubble,2006
The Conversation,1974
Dil Jo Bhi Kahey...,2006
Mississippi Mermaid,1969
I Love Your Work,2003
Cabin Fever,2016
Waitress,2007
Bloodsport,1988
Mr. Smith Goes to Washington,2039
Kids,1995
The Squid and the Whale,2005
Kissing Jessica Stein,2001
Spellbound,2045
Exotica,1994
Buffalo '66,1998
Repo Man,1984
Nine Queens,2000
The Gatekeepers,2012
The Ballad of Jack and Rose,2005
Killing Zoe,1993
The Believer,2001
Snow Angels,2008
Unsullied,2015
Session 9,2001
I Want Someone to Eat Cheese With,2006
Modern Times,2036
Stolen Summer,2002
The Salon,2005
Forty Shades of Blue,2005
Pontypool,2009
Me You and Five Bucks,2015
Fetching Cody,2005
Last I Heard,2013
Closer to the Moon,2013
Mutant World,2014
Checkmate,2015
Wind Walkers,2016
The Holy Girl,2004
Shalako,1968
Incident at Loch Ness,2004
GirlHouse,2014
The Blue Room,2014
Batman,2066
The Ballad of Gregorio Cortez,1983
Trees Lounge,1996
The Basket,2000
Eddie: The Sleepwalking Cannibal,2012
Queen of the Mountains,2014
Def-Con 4,1985
The Hebrew Hammer,2003
Neal 'n' Nikki,2005
The 41ÃƒÆ’Ã†â€™Ãƒâ€ Ã¢â‚¬â„¢ÃƒÆ’Ã¢â‚¬Â ÃƒÂ¢Ã¢â€šÂ¬Ã¢â€žÂ¢ÃƒÆ’Ã†â€™ÃƒÂ¢Ã¢â€šÂ¬Ã…Â¡ÃƒÆ’Ã¢â‚¬Å¡Ãƒâ€šÃ‚Â¢ÃƒÆ’Ã†â€™Ãƒâ€ Ã¢â‚¬â„¢ÃƒÆ’Ã¢â‚¬Å¡Ãƒâ€šÃ‚Â¢ÃƒÆ’Ã†â€™Ãƒâ€šÃ‚Â¢ÃƒÆ’Ã‚Â¢ÃƒÂ¢Ã¢â€šÂ¬Ã…Â¡Ãƒâ€šÃ‚Â¬ÃƒÆ’Ã¢â‚¬Â¦Ãƒâ€šÃ‚Â¡ÃƒÆ’Ã†â€™ÃƒÂ¢Ã¢â€šÂ¬Ã…Â¡ÃƒÆ’Ã¢â‚¬Å¡Ãƒâ€šÃ‚Â¬ÃƒÆ’Ã†â€™Ãƒâ€ Ã¢â‚¬â„¢ÃƒÆ’Ã¢â‚¬Å¡Ãƒâ€šÃ‚Â¢ÃƒÆ’Ã†â€™Ãƒâ€šÃ‚Â¢ÃƒÆ’Ã‚Â¢ÃƒÂ¢Ã¢â‚¬Å¡Ã‚Â¬Ãƒâ€¦Ã‚Â¡ÃƒÆ’Ã¢â‚¬Å¡Ãƒâ€šÃ‚Â¬ÃƒÆ’Ã†â€™ÃƒÂ¢Ã¢â€šÂ¬Ã‚Â¦ÃƒÆ’Ã‚Â¢ÃƒÂ¢Ã¢â‚¬Å¡Ã‚Â¬Ãƒâ€¦Ã¢â‚¬Å“YearÃƒÆ’Ã†â€™Ãƒâ€ Ã¢â‚¬â„¢ÃƒÆ’Ã¢â‚¬Â ÃƒÂ¢Ã¢â€šÂ¬Ã¢â€žÂ¢ÃƒÆ’Ã†â€™ÃƒÂ¢Ã¢â€šÂ¬Ã…Â¡ÃƒÆ’Ã¢â‚¬Å¡Ãƒâ€šÃ‚Â¢ÃƒÆ’Ã†â€™Ãƒâ€ Ã¢â‚¬â„¢ÃƒÆ’Ã¢â‚¬Å¡Ãƒâ€šÃ‚Â¢ÃƒÆ’Ã†â€™Ãƒâ€šÃ‚Â¢ÃƒÆ’Ã‚Â¢ÃƒÂ¢Ã¢â€šÂ¬Ã…Â¡Ãƒâ€šÃ‚Â¬ÃƒÆ’Ã¢â‚¬Â¦Ãƒâ€šÃ‚Â¡ÃƒÆ’Ã†â€™ÃƒÂ¢Ã¢â€šÂ¬Ã…Â¡ÃƒÆ’Ã¢â‚¬Å¡Ãƒâ€šÃ‚Â¬ÃƒÆ’Ã†â€™Ãƒâ€ Ã¢â‚¬â„¢ÃƒÆ’Ã¢â‚¬Å¡Ãƒâ€šÃ‚Â¢ÃƒÆ’Ã†â€™Ãƒâ€šÃ‚Â¢ÃƒÆ’Ã‚Â¢ÃƒÂ¢Ã¢â‚¬Å¡Ã‚Â¬Ãƒâ€¦Ã‚Â¡ÃƒÆ’Ã¢â‚¬Å¡Ãƒâ€šÃ‚Â¬ÃƒÆ’Ã†â€™ÃƒÂ¢Ã¢â€šÂ¬Ã‚Â¦ÃƒÆ’Ã‚Â¢ÃƒÂ¢Ã¢â‚¬Å¡Ã‚Â¬Ãƒâ€¦Ã¢â‚¬Å“Old Virgin Who Knocked Up Sarah Marshall and Felt Superbad About It,2010
Forget Me Not,2009
Rebecca,2040
Friday the 13th Part 2,1981
The Lost Weekend,2045
C.H.U.D.,1984
Filly Brown,2013
Niagara,2053
How Green Was My Valley,2041
Da Sweet Blood of Jesus,2014
"Sex, Lies, and Videotape",1989
Saw,2004
The Amazing Catfish,2013
Monsoon Wedding,2001
You Can Count on Me,2000
The Trouble with Harry,2055
But I'm a Cheerleader,1999
Reservoir Dogs,1992
The Blue Bird,2040
The Second Mother,2015
Down & Out With The Dolls,2003
Desire,2011
The Blade of Don Juan,2013
Grand Theft Parsons,2003
Extreme Movie,2008
The Charge of the Light Brigade,2036
Below Zero,2011
Airborne,1993
Cotton Comes to Harlem,1970
Bleeding Hearts,2013
Waiting...,2005
Dead Man's Shoes,2004
From a Whisper to a Scream,1987
Sex With Strangers,2002
Dracula: Pages from a Virgin's Diary,2002
Faith Like Potatoes,2006
Beyond the Black Rainbow,2010
The Dead Undead,2010
The Vatican Exorcisms,2013
Casablanca,2042
Silent Running,1972
Rocky,1976
The Sleepwalker,2014
Tom Jones,2063
Unfriended,2015
Taxi Driver,1976
The Howling,1981
Hellraiser,1987
Cry_Wolf,2005
Godzilla 2000,1999
Love Me Tender,2056
Sands of Iwo Jima,2049
The Green Inferno,2014
Departure,2016
The Sessions,2012
Next Stop Wonderland,1998
The Skeleton Twins,2014
Obvious Child,2014
Frozen River,2008
20 Feet from Stardom,2013
Two Girls and a Guy,1997
Walking and Talking,1996
The Broken Hearts Club: A Romantic Comedy,2000
Bubba Ho-tep,2002
Slam,1998
Brigham City,2001
Fiza,2000
Dream with the Fishes,1997
Blue Car,2002
Palo Alto,2014
The Battle of Shaker Heights,2003
Once in a Lifetime: The Extraordinary Story of the New York Cosmos,2006
Guiana 1838,2004
Chocolate: Deep Dark Secrets,2005
The House of the Devil,2009
Safe Men,1998
The Last Big Thing,1998
The Specials,2000
16 to Life,2009
Alone With Her,2006
The Helix... Loaded,2005
In Her Line of Fire,2006
The Jimmy Show,2002
Heli,2013
Hits,2014
Frat Party,2009
The Party's Over,2065
The Poker House,2008
Snow White: A Deadly Summer,2012
Hidden Away,2014
My Last Day Without You,2011
Doc Holliday's Revenge,2014
Black Rock,2012
The Pet,2006
Bang Bang Baby,2014
A Fine Step,2014
Charly,1968
And Then Came Love,2007
Food Chains,2014
On the Waterfront,2054
"4 Months, 3 Weeks and 2 Days",2007
The Horror Network Vol. 1,2015
The Quiet,2005
The Brass Teapot,2012
The Hammer,2007
Latter Days,2003
Elza,2011
"For a Good Time, Call...",2012
Time Changer,2002
London to Brighton,2006
Windsor Drive,2015
A Separation,2011
Crying with Laughter,2009
Welcome to the Dollhouse,1995
Ruby in Paradise,1993
Pandora's Box,2029
Live-In Maid,2004
Deterrence,2000
The Mudge Boy,2003
The Young Unknowns,2000
Saints and Soldiers,2003
Vessel,2012
American Graffiti,1973
Aqua Teen Hunger Force Colon Movie Film for Theaters,2007
Safety Not Guaranteed,2012
The Conformist,1970
Interview with the Assassin,2002
Bled,2008
High Noon,2052
Hoop Dreams,1994
Rize,2005
Hav Plenty,1997
Adulterers,2016
Escape from Tomorrow,2013
After,2012
Treachery,2013
Walter,2015
Top Hat,2035
Woodstock,1970
The Kentucky Fried Movie,1977
Mercy Streets,2000
Carousel of Revenge,2007
Broken Vessels,1998
Water & Power,2014
The Country Doctor,2016
The Maid's Room,2014
Love Letters,1983
Juliet and Alfa Romeo,2015
Faith Connections,2013
Open Water,2004
Kingdom of the Spiders,1977
Mad Hot Ballroom,2005
The Station Agent,2003
Wordplay,2006
Beyond the Mat,1999
The Singles Ward,2002
Osama,2003
Groove,2000
Twin Falls Idaho,1999
Hurricane Streets,1997
Never Again,2002
Civil Brand,2003
Lonesome Jim,2005
Seven Samurai,2054
Johnny Suede,1991
Finishing The Game,2007
Kiss the Bride,2007
The Slaughter Rule,2002
The Californians,2005
The Living Wake,2007
Crazy Stone,2006
Scott Walker: 30 Century Man,2006
Everything Put Together,2001
Good Kill,2015
Now Is Good,2012
Subconscious,2015
Enter Nowhere,2011
El Rey de Najayo,2012
Fight to the Finish,2016
Rodeo Girl,2016
Born to Fly: Elizabeth Streb vs. Gravity,2014
The Toxic Avenger,1984
Straight Out of Brooklyn,1991
Bloody Sunday,2002
Conversations with Other Women,2006
Poultrygeist: Night of the Chicken Dead,2006
42nd Street,2033
Metropolitan,1990
Roadside,2013
Napoleon Dynamite,2004
QuinceaÃƒÆ’Ã†â€™Ãƒâ€ Ã¢â‚¬â„¢ÃƒÆ’Ã¢â‚¬Â ÃƒÂ¢Ã¢â€šÂ¬Ã¢â€žÂ¢ÃƒÆ’Ã†â€™ÃƒÂ¢Ã¢â€šÂ¬Ã‚Â ÃƒÆ’Ã‚Â¢ÃƒÂ¢Ã¢â‚¬Å¡Ã‚Â¬ÃƒÂ¢Ã¢â‚¬Å¾Ã‚Â¢ÃƒÆ’Ã†â€™Ãƒâ€ Ã¢â‚¬â„¢ÃƒÆ’Ã‚Â¢ÃƒÂ¢Ã¢â‚¬Å¡Ã‚Â¬Ãƒâ€¦Ã‚Â¡ÃƒÆ’Ã†â€™ÃƒÂ¢Ã¢â€šÂ¬Ã…Â¡ÃƒÆ’Ã¢â‚¬Å¡Ãƒâ€šÃ‚Â±era,2006
Tarnation,2003
Love in the Time of Monsters,2014
The Beyond,1981
What Happens in Vegas,2008
The Dark Hours,2005
My Beautiful Laundrette,1985
Fabled,2002
Show Me,2004
Cries and Whispers,1972
Intolerance,2016
Trekkies,1997
The Broadway Melody,2029
The Evil Dead,1981
Maniac,2012
Murderball,2005
American Ninja 2: The Confrontation,1987
Rotor DR1,2015
12 Angry Men,2057
My Dog Tulip,2009
It Happened One Night,2034
Tumbleweeds,1999
The Prophecy,1995
When the Cat's Away,1996
Old Joy,2006
Wendy and Lucy,2008
3 Backyards,2010
Pierrot le Fou,2065
Sisters in Law,2005
Ayurveda: Art of Being,2001
Nothing But a Man,2064
"First Love, Last Rites",1998
Fighting Tommy Riley,2005
Royal Kill,2009
Death Race 2000,1975
Midnight Cabaret,1990
Anderson's Cross,2010
Bizarre,2015
Graduation Day,1981
Lovely & Amazing,2001
Better Luck Tomorrow,2002
The Incredibly True Adventure of Two Girls In Love,1995
Chuck & Buck,2000
American Desi,2001
Amidst the Devil's Wings,2014
Cube,1997
Love and Other Catastrophes,1996
I Married a Strange Person!,1998
November,2004
Teeth and Blood,2015
Sugar Town,1999
The Motel,2005
The Sticky Fingers of Time,1997
Rust,2010
Ink,2009
Butterfly,1982
The Frozen,2012
Horse Camp,2015
The Big Parade,2025
Little Big Top,2006
Along the Roadside,2013
Western Religion,2015
Urbania,2000
The Stewardesses,1969
"The Beast from 20,000 Fathoms",2053
Mad Max,1979
Swingers,1996
A Fistful of Dollars,2064
She Done Him Wrong,2033
Middle of Nowhere,2012
Three,2010
The Business of Fancydancing,2002
Call + Response,2008
Super Hybrid,2010
Baghead,2008
American Beast,2014
The Case of the Grinning Cat,2004
Ordet,2055
The Trials Of Darryl Hunt,2007
Samantha: An American Girl Holiday,2004
Theresa Is a Mother,2015
H.,2014
Archaeology of a Woman,2014
She's Gotta Have It,1986
Butterfly Girl,2014
The World Is Mine,2015
Perfect Cowboy,2014
Tadpole,2002
The Woman Chaser,1999
The Horse Boy,2009
When the Lights Went Out,2012
Heroes of Dirt,2015
A Charlie Brown Christmas,2065
Antarctic Edge: 70ÃƒÆ’Ã†â€™Ãƒâ€ Ã¢â‚¬â„¢ÃƒÆ’Ã¢â‚¬Â ÃƒÂ¢Ã¢â€šÂ¬Ã¢â€žÂ¢ÃƒÆ’Ã†â€™Ãƒâ€šÃ‚Â¢ÃƒÆ’Ã‚Â¢ÃƒÂ¢Ã¢â€šÂ¬Ã…Â¡Ãƒâ€šÃ‚Â¬ÃƒÆ’Ã¢â‚¬Â¦Ãƒâ€šÃ‚Â¡ÃƒÆ’Ã†â€™Ãƒâ€ Ã¢â‚¬â„¢ÃƒÆ’Ã‚Â¢ÃƒÂ¢Ã¢â‚¬Å¡Ã‚Â¬Ãƒâ€¦Ã‚Â¡ÃƒÆ’Ã†â€™ÃƒÂ¢Ã¢â€šÂ¬Ã…Â¡ÃƒÆ’Ã¢â‚¬Å¡Ãƒâ€šÃ‚Â° South,2015
Top Spin,2014
Roger & Me,1989
Sound of My Voice,2011
The Married Woman,2064
The Work and The Story,2003
Eraserhead,1977
Hollywood Shuffle,1987
The Mighty,1998
Penitentiary,1979
The Lost Skeleton of Cadavra,2001
Dude Where's My Dog?,2014
Cheap Thrills,2013
Straightheads,2007
Open Secret,2048
Echo Dr.,2013
The Night Visitor,1971
The Past Is a Grotesque Animal,2014
"Peace, Propaganda & the Promised Land",2005
"I Love You, Don't Touch Me!",1997
20 Dates,1998
Queen Crab,2015
Super Size Me,2004
The FP,2011
Happy Christmas,2014
The Brain That Wouldn't Die,2062
Supporting Characters,2012
Absentia,2011
The Brothers McMullen,1995
Gabriela,1983
Hayride,2012
The Naked Ape,2006
Counting,2015
The Image Revolution,2013
A True Story,2013
George Washington,2000
Smiling Fish & Goat On Fire,1999
Dawn of the Crescent Moon,2014
"Run, Hide, Die",2015
The Exploding Girl,2009
The Legend of God's Gun,2007
Mutual Appreciation,2005
Her Cry: La Llorona Investigation,2013
Pink Narcissus,1971
Funny Ha Ha,2002
In the Company of Men,1997
Manito,2002
Rampage,2009
Slacker,1990
Dutch Kills,2015
Flywheel,2003
Backmask,2015
Stories of Our Lives,2014
Breaking Upwards,2009
All Superheroes Must Die,2011
Pink Flamingos,1972
Clean,2004
The Circle,2000
Cure,1997
On The Downlow,2004
Sanctuary: Quite a Conundrum,2012
Bang,1995
Cavite,2005
El Mariachi,1992
Newlyweds,2011
My Date with Drew,2005
Split,2016
Sing,2016
The Great Wall,2016
La La Land,2016
Mindhorn,2016
The Lost City of Z,2016
Passengers,2016
Fantastic Beasts and Where to Find Them,2016
Hidden Figures,2016
Rogue One,2016
Moana,2016
Colossal,2016
Hacksaw Ridge,2016
Lion,2016
Arrival,2016
Gold,2016
Manchester by the Sea,2016
Hounds of Love,2016
Trolls,2016
Paris pieds nus,2016
Bahubali: The Beginning,2015
Dead Awake,2016
Assassin's Creed,2016
Why Him?,2016
Nocturnal Animals,2016
Resident Evil: The Final Chapter,2016
Doctor Strange,2016
The Magnificent Seven,2016
5/25/77,2007
Moonlight,2016
Don't Fuck in the Woods,2016
The Founder,2016
Lowriders,2016
Miss Sloane,2016
Fallen,2016
The Last Face,2016
Star Wars: Episode VII - The Force Awakens,2015
Underworld: Blood Wars,2016
Mother's Day,2016
John Wick,2014
Silence,2016
Don't Breathe,2016
Their Finest,2016
Sully,2016
The Autopsy of Jane Doe,2016
The Girl on the Train,2016
Kingsman: The Secret Service,2014
Patriots Day,2016
Wakefield,2016
Deepwater Horizon,2016
The Promise,2016
Allied,2016
A Monster Calls,2016
Collateral Beauty,2016
Zootopia,2016
Captain Fantastic,2016
Furious Seven,2015
Live by Night,2016
The Accountant,2016
War Dogs,2016
The Nice Guys,2016
Kimi no na wa,2016
The Void,2016
Personal Shopper,2016
Contratiempo,2016
Hell or High Water,2016
The Comedian,2016
All We Had,2016
Ex Machina,2014
The Belko Experiment,2016
The Bad Batch,2016
Harry Potter and the Deathly Hallows: Part 2,2011
Office Christmas Party,2016
Dangal,2016
Finding Dory,2016
Miss Peregrine's Home for Peculiar Children,2016
Mike and Dave Need Wedding Dates,2016
Boyka: Undisputed IV,2016
Fences,2016
Furious 6,2013
The Place Beyond the Pines,2012
Brimstone,2016
Ah-ga-ssi,2016
The Edge of Seventeen,2016
Inferno,2016
White Girl,2016
Twin Peaks: The Missing Pieces,2014
Aliens vs Predator - Requiem,2007
Mine,2016
Free Fire,2016
Jack Reacher: Never Go Back,2016
13 Hours,2016
Kubo and the Two Strings,2016
Beyond the Gates,2016
Bridget Jones's Baby,2016
The VVitch: A New-England Folktale,2015
Realive,2016
Forushande,2016
Love,2015
Billy Lynn's Long Halftime Walk,2016
Crimson Peak,2015
The Light Between Oceans,2016
Below Her Mouth,2016
Morgan,2016
Hacker,2016
A Cure for Wellness,2016
Snowden,2016
X: First Class,2011
Raw (II),2016
Paterson,2016
The Girl with All the Gifts,2016
Spring Breakers,2012
Old Boy,2013
Monster Trucks,2016
A Dark Song,2016
Hardcore Henry,2015
It Follows,2014
American Honey,2016
The Lobster,2015
Rupture,2016
A Kind of Murder,2016
Jackie,2016
The Disappointments Room,2016
Rock Dog,2016
Les MisÃƒÆ’Ã†â€™Ãƒâ€ Ã¢â‚¬â„¢ÃƒÆ’Ã¢â‚¬Â ÃƒÂ¢Ã¢â€šÂ¬Ã¢â€žÂ¢ÃƒÆ’Ã†â€™ÃƒÂ¢Ã¢â€šÂ¬Ã…Â¡ÃƒÆ’Ã¢â‚¬Å¡Ãƒâ€šÃ‚Â©rables,2012
20th Century Women,2016
Spy,2015
The Intouchables,2011
Bonjour Anne,2016
Kynodontas,2009
Norman: The Moderate Rise and Tragic Fall of a New York Fixer,2016
Birdman or (The Unexpected Virtue of Ignorance),2014
Dear White People,2014
Nymphomaniac: Vol. I,2013
Knock Knock,2015
Satanic,2016
Sing Street,2016
Ballerina,2016
Everybody Wants Some!!,2016
Iron Man Three,2013
Death Proof,2007
The Danish Girl,2015
Keeping Up with the Joneses,2016
Masterminds,2016
Iris,2016
Busanhaeng,2016
The Exception,2016
The Choice,2016
Ice Age: Collision Course,2016
Vincent N Roxxy,2016
La vie d'AdÃƒÆ’Ã†â€™Ãƒâ€ Ã¢â‚¬â„¢ÃƒÆ’Ã¢â‚¬Â ÃƒÂ¢Ã¢â€šÂ¬Ã¢â€žÂ¢ÃƒÆ’Ã†â€™ÃƒÂ¢Ã¢â€šÂ¬Ã…Â¡ÃƒÆ’Ã¢â‚¬Å¡Ãƒâ€šÃ‚Â¨le,2013
The Babadook,2014
The Stakelander,2016
Lovesong,2016
RocknRolla,2008
A Street Cat Named Bob,2016
Green Room,2015
Storks,2016
Before I Wake,2016
Tracktown,2016
Fast & Furious,2009
Lady Macbeth,2016
The Dressmaker,2015
CafÃƒÆ’Ã†â€™Ãƒâ€ Ã¢â‚¬â„¢ÃƒÆ’Ã¢â‚¬Â ÃƒÂ¢Ã¢â€šÂ¬Ã¢â€žÂ¢ÃƒÆ’Ã†â€™ÃƒÂ¢Ã¢â€šÂ¬Ã…Â¡ÃƒÆ’Ã¢â‚¬Å¡Ãƒâ€šÃ‚Â© Society,2016
Demain tout commence,2016
Clown,2014
American Wrestler: The Wizard,2016
Sleight,2016
Collide,2016
Swiss Army Man,2016
What We Do in the Shadows,2014
Hush,2016
Whisky Galore,2016
Absolutely Anything,2015
The Black Room,2016
The Invitation,2015
Elle,2016
Mechanic: Resurrection,2016
The Headhunter's Calling,2016
Harry Potter and the Deathly Hallows: Part 1,2010
The Babysitters,2007
Srpski film,2010
3 Idiots,2009
Let Me Make You a Martyr,2016
Filth,2013
The imposible,2012
Folk Hero & Funny Guy,2016
Oz the Great and Powerful,2013
The Thinning,2016
Hunt for the Wilderpeople,2016
Demolition,2015
Jagten,2012
Denial,2016
Predestination,2014
Enemy,2013
Pet,2016
Paint It Black,2016
Macbeth,2015
Perfetti sconosciuti,2016
Angry Birds,2016
Under the Skin,2013
Carol,2015
Imperium,2016
Youth,2015
Mr. Nobody,2009
City of Tiny Lights,2016
Bone Tomahawk,2015
Half of a Yellow Sun,2013
Anthropoid,2016
Viking,2016
Whiskey Tango Foxtrot,2016
Birth of the Dragon,2016
The Green Inferno,2013
Godzilla,2014
Friend Request,2016
Deja Vu,2006
A Quiet Passion,2016
The Do-Over,2016
True Crimes,2016
American Pastoral,2016
Limitless,2011
Spectral,2016
Don't Think Twice,2016
Chuck,2016
"I, Daniel Blake",2016
Loving,2016
The Survivalist,2015
Colonia,2015
A Hologram for the King,2016
Bleed for This,2016
Tron,2010
MÃƒÆ’Ã†â€™Ãƒâ€ Ã¢â‚¬â„¢ÃƒÆ’Ã¢â‚¬Â ÃƒÂ¢Ã¢â€šÂ¬Ã¢â€žÂ¢ÃƒÆ’Ã†â€™ÃƒÂ¢Ã¢â€šÂ¬Ã…Â¡ÃƒÆ’Ã¢â‚¬Å¡Ãƒâ€šÃ‚Â¤n som hatar kvinnor,2009
Adoration,2013
The Drop,2014
Grimsby,2016
Blood Father,2016
Handsome Devil,2016
Mommy,2014
Toni Erdmann,2016
Bastille Day,2016
2307: Winter's Dream,2016
Mr. Right,2015
Underworld Awakening,2012
Antichrist,2009
Friday the 13th,2009
Total Recall,2012
The Escort,2016
The Whole Truth,2016
Megan Is Missing,2011
WALLÃƒÆ’Ã†â€™Ãƒâ€ Ã¢â‚¬â„¢ÃƒÆ’Ã‚Â¢ÃƒÂ¢Ã¢â‚¬Å¡Ã‚Â¬Ãƒâ€¦Ã‚Â¡ÃƒÆ’Ã†â€™ÃƒÂ¢Ã¢â€šÂ¬Ã…Â¡ÃƒÆ’Ã¢â‚¬Å¡Ãƒâ€šÃ‚Â·E,2008
Lawless,2012
Unfriended,2014
Relatos salvajes,2014
Frantz,2016
Viral,2016
Tall Men,2016
Sleeping Beauty,2011
Vampire Academy,2014
Sweeney Todd: The Demon Barber of Fleet Street,2007
Solace,2015
Popstar: Never Stop Never Stopping,2016
The Levelling,2016
The Daughter,2015
The First Time,2012
Gone Baby Gone,2007
L'avenir,2016
Devil's Knot,2013
War on Everyone,2016
"Love, Rosie",2014
The Age of Shadows,2016
Love & Friendship,2016
Hunger,2008
Dear Zindagi,2016
Genius,2016
10 Years,2011
The Matchbreaker,2016
The Neighbor,2016
The Hollars,2016
Closed Circuit,2013
La tortue rouge,2016
The Heartbreak Kid,2007
Entourage,2015
The Strangers,2008
Nymphomaniac: Vol. II,2013
Blair Witch,2016
The Karate Kid,2010
The A-Team,2010
The Guest,2014
This Beautiful Fantastic,2016
The Blackcoat's Daughter,2015
Knight of Cups,2015
El secreto de sus ojos,2009
Only for One Night,2016
Rules Don't Apply,2016
Ouija: Origin of Evil,2016
Fracture,2007
LÃƒÆ’Ã†â€™Ãƒâ€ Ã¢â‚¬â„¢ÃƒÆ’Ã¢â‚¬Â ÃƒÂ¢Ã¢â€šÂ¬Ã¢â€žÂ¢ÃƒÆ’Ã†â€™ÃƒÂ¢Ã¢â€šÂ¬Ã…Â¡ÃƒÆ’Ã¢â‚¬Å¡Ãƒâ€šÃ‚Â­da BaarovÃƒÆ’Ã†â€™Ãƒâ€ Ã¢â‚¬â„¢ÃƒÆ’Ã¢â‚¬Â ÃƒÂ¢Ã¢â€šÂ¬Ã¢â€žÂ¢ÃƒÆ’Ã†â€™ÃƒÂ¢Ã¢â€šÂ¬Ã…Â¡ÃƒÆ’Ã¢â‚¬Å¡Ãƒâ€šÃ‚Â¡,2016
Lavender,2016
Deuces,2016
Conan the Barbarian,2011
Chef,2014
Eye in the Sky,2015
PK,2014
High-Rise,2015
The Assignment,2016
31,2016
Final Girl,2015
Chalk It Up,2016
The Man Who Knew Infinity,2015
Mr. Brooks,2007
Tramps,2016
Before We Go,2014
The Secret Scripture,2016
Max Steel,2016
Sisters,2015
The Family,2013
Ma vie de Courgette,2016
A United Kingdom,2016
USS Indianapolis: Men of Courage,2016
Turbo Kid,2015
I.T.,2016
Wolves at the Door,2016
Suite FranÃƒÆ’Ã†â€™Ãƒâ€ Ã¢â‚¬â„¢ÃƒÆ’Ã¢â‚¬Â ÃƒÂ¢Ã¢â€šÂ¬Ã¢â€žÂ¢ÃƒÆ’Ã†â€™ÃƒÂ¢Ã¢â€šÂ¬Ã…Â¡ÃƒÆ’Ã¢â‚¬Å¡Ãƒâ€šÃ‚Â§aise,2014
Christine,2016
Man Down,2015
Crawlspace,2016
Shut In,2016
The Warriors Gate,2016
Jane Eyre,2011
The Loft,2014
Bacalaureat,2016
Exposed,2016
Maudie,2016
A Bigger Splash,2015
La migliore offerta,2013
Mean Dreams,2016
Barbershop: The Next Cut,2016
Koe no katachi,2016
Locke,2013
The 9th Life of Louis Drax,2016
Horns,2013
The Stanford Prison Experiment,2015
En man som heter Ove,2015
Red Dawn,2012
Life as We Know It,2010
Shin Gojira,2016
Equals,2015
The Intent,2016
Sex and the City,2008
Rambo,2008
Planet Terror,2007
The Fall,2006
Sleeping with Other People,2015
What If,2013
In Dubious Battle,2016
"Hello, My Name Is Doris",2015
Il racconto dei racconti - Tale of Tales,2015
I Am the Pretty Thing That Lives in the House,2016
Coherence,2013
Notorious,2009
Goksung,2016
The Girl Next Door,2007
Scouts Guide to the Zombie Apocalypse,2015
The Twilight Saga: Breaking Dawn - Part 1,2011
The Sea of Trees,2015
Good Kids,2016
Footloose,2011
The Ticket,2016
Detour,2016
The Love Witch,2016
The Human Centipede (First Sequence),2009
The Siege of Jadotville,2016
Transpecos,2016
King Cobra,2016
Me and Earl and the Dying Girl,2015
The Kings of Summer,2013
Into the Forest,2015
Custody,2016
Inland Empire,2006
L'odyssÃƒÆ’Ã†â€™Ãƒâ€ Ã¢â‚¬â„¢ÃƒÆ’Ã¢â‚¬Â ÃƒÂ¢Ã¢â€šÂ¬Ã¢â€žÂ¢ÃƒÆ’Ã†â€™ÃƒÂ¢Ã¢â€šÂ¬Ã…Â¡ÃƒÆ’Ã¢â‚¬Å¡Ãƒâ€šÃ‚Â©e,2016
Wrecker,2015
Queen of Katwe,2016
Dark Places,2015
Amateur Night,2016
It's Only the End of the World,2016
The Skin I Live In,2011
Martyrs,2008
Taare Zameen Par,2007
Search Party,2014
Nine Lives,2016
Battleship,2012
X-Men: The Last Stand,2006
Monsters University,2013
Star Trek Into Darkness,2013
The Great Gatsby,2013
White House Down,2013
Pan,2015
Star Trek,2009
Gods of Egypt,2016
The Twilight Saga: Breaking Dawn - Part 2,2012
The Incredible Hulk,2008
Australia,2008
After Earth,2013
Night at the Museum: Secret of the Tomb,2014
Elysium,2013
Live Free or Die Hard,2007
Blood Diamond,2006
Hercules,2014
Transcendence,2014
Percy Jackson & the Olympians: The Lightning Thief,2010
Unstoppable,2010
The Secret Life of Walter Mitty,2013
Hellboy II: The Golden Army,2008
Zodiac,2007
Eagle Eye,2008
The Book of Eli,2010
Fury,2014
Hotel Transylvania 2,2015
Pompeii,2014
Now You See Me,2013
The Man from U.N.C.L.E.,2015
Lady in the Water,2006
Olympus Has Fallen,2013
Dracula Untold,2014
Ted 2,2015
Need for Speed,2014
Lincoln,2012
Step Brothers,2008
Annie,2014
RED,2010
Jack Ryan: Shadow Recruit,2014
The Equalizer,2014
Black Mass,2015
Law Abiding Citizen,2009
Grindhouse,2007
Mamma Mia!,2008
The Host,2013
Beautiful Creatures,2013
Anna Karenina,2012
Child 44,2015
Blended,2014
Revolutionary Road,2008
The Ghost Writer,2010
The Heat,2013
The Interview,2014
Get Hard,2015
42,2013
The Other Woman,2014
Bridge of Spies,2015
Horrible Bosses 2,2014
Apocalypto,2006
Predators,2010
Sex Tape,2014
A Million Ways to Die in the West,2014
The Other Boleyn Girl,2008
Sunshine,2007
The Gunman,2015
The Master,2012
Rush,2013
Trainwreck,2015
Saving Mr. Banks,2013
Underworld: Rise of the Lycans,2009
A Good Year,2006
The Longest Ride,2015
Snakes on a Plane,2006
Criminal,2016
The Grand Budapest Hotel,2014
Vacation,2015
The Butler,2013
Warm Bodies,2013
P.S. I Love You,2007
Atonement,2007
Sicario,2015
Southpaw,2015
Dragonball Evolution,2009
Pitch Perfect 2,2015
Safe Haven,2013
Kick-Ass,2010
3 Days to Kill,2014
Kick-Ass 2,2013
Lucky Number Slevin,2006
Money Monster,2016
A Walk Among the Tombstones,2014
Taken,2008
The Best of Me,2014
No Country for Old Men,2007
There Will Be Blood,2007
She's the Man,2006
The Counselor,2013
Diary of a Wimpy Kid: Dog Days,2012
Out of the Furnace,2013
To Rome with Love,2012
12 Years a Slave,2013
Selma,2014
Orphan,2009
Max,2015
Babel,2006
Texas Chainsaw 3D,2013
The World's End,2013
Endless Love,2014
All Good Things,2010
Regression,2015
Hands of Stone,2016
Indignation,2016
Neighbors,2014
My Big Fat Greek Wedding 2,2016
Blue Jasmine,2013
127 Hours,2010
Step Up 2: The Streets,2008
Let's Be Cops,2014
The Illusionist,2006
Vicky Cristina Barcelona,2008
Jennifer's Body,2009
Trance,2013
Hachi: A Dog's Tale,2009
Slither,2006
End of Watch,2012
28 Weeks Later,2007
Magic Mike XXL,2015
The Boy in the Striped Pyjamas,2008
Step Up,2006
Project X,2012
The Fault in Our Stars,2014
Paper Towns,2015
About Time,2013
Triangle,2009
If I Stay,2014
Movie 43,2013
Rescue Dawn,2006
Melancholia,2011
That Awkward Moment,2014
Begin Again,2013
Mr. Church,2016
Hostel: Part II,2007
Don Jon,2013
Dallas Buyers Club,2013
Oculus,2013
No Escape,2015
Boyhood,2014
Zipper,2015
The Purge,2013
Sinister,2012
Tusk,2014
Idiocracy,2006
The Lives of Others,2006
We Are Your Friends,2015
I Spit on Your Grave,2010
I Origins,2014